Title,Date
"Destino: La saga Winx: Temporada 1: Aquí no hay extraños","22/1/21"
"Destino: La saga Winx: Temporada 1: Con un hada, de la mano","22/1/21"
"La reina de Indias y el conquistador: Temporada 1: Episodio 39","22/1/21"
"La reina de Indias y el conquistador: Temporada 1: Episodio 38","21/1/21"
"How to Sell Drugs Online (Fast): Temporada 2: Cómpralo. Véndelo. Ámalo.","21/1/21"
"La reina de Indias y el conquistador: Temporada 1: Episodio 37","21/1/21"
"La reina de Indias y el conquistador: Temporada 1: Episodio 36","21/1/21"
"La reina de Indias y el conquistador: Temporada 1: Episodio 32","21/1/21"
"La reina de Indias y el conquistador: Temporada 1: Episodio 35","20/1/21"
"La reina de Indias y el conquistador: Temporada 1: Episodio 34","20/1/21"
"La reina de Indias y el conquistador: Temporada 1: Episodio 33","20/1/21"
"La reina de Indias y el conquistador: Temporada 1: Episodio 31","20/1/21"
"La reina de Indias y el conquistador: Temporada 1: Episodio 30","19/1/21"
"La reina de Indias y el conquistador: Temporada 1: Episodio 29","19/1/21"
"La reina de Indias y el conquistador: Temporada 1: Episodio 28","19/1/21"
"La reina de Indias y el conquistador: Temporada 1: Episodio 27","19/1/21"
"La reina de Indias y el conquistador: Temporada 1: Episodio 26","19/1/21"
"La reina de Indias y el conquistador: Temporada 1: Episodio 25","19/1/21"
"La reina de Indias y el conquistador: Temporada 1: Episodio 24","19/1/21"
"La reina de Indias y el conquistador: Temporada 1: Episodio 23","18/1/21"
"La reina de Indias y el conquistador: Temporada 1: Episodio 22","18/1/21"
"La reina de Indias y el conquistador: Temporada 1: Episodio 21","17/1/21"
"La reina de Indias y el conquistador: Temporada 1: Episodio 20","17/1/21"
"A la caza de espíritus malignos: Temporada 1: Episodio 13","17/1/21"
"La reina de Indias y el conquistador: Temporada 1: Episodio 19","16/1/21"
"La reina de Indias y el conquistador: Temporada 1: Episodio 18","16/1/21"
"La reina de Indias y el conquistador: Temporada 1: Episodio 17","16/1/21"
"La reina de Indias y el conquistador: Temporada 1: Episodio 16","16/1/21"
"La reina de Indias y el conquistador: Temporada 1: Episodio 15","16/1/21"
"La reina de Indias y el conquistador: Temporada 1: Episodio 14","16/1/21"
"La reina de Indias y el conquistador: Temporada 1: Episodio 13","16/1/21"
"Bling Empire: Temporada 1: La crisis del collar 90210","16/1/21"
"La reina de Indias y el conquistador: Temporada 1: Episodio 12","16/1/21"
"La reina de Indias y el conquistador: Temporada 1: Episodio 11","16/1/21"
"La reina de Indias y el conquistador: Temporada 1: Episodio 10","15/1/21"
"La reina de Indias y el conquistador: Temporada 1: Episodio 9","15/1/21"
"La reina de Indias y el conquistador: Temporada 1: Episodio 8","15/1/21"
"El místico bar efímero: Temporada 1: Episodio 2","15/1/21"
"How to Sell Drugs Online (Fast): Temporada 2: Inspirado en la vida real","15/1/21"
"How to Sell Drugs Online (Fast): Temporada 2: ¿Hasta dónde quieres llegar hoy?","15/1/21"
"La reina de Indias y el conquistador: Temporada 1: Episodio 7","14/1/21"
"La reina de Indias y el conquistador: Temporada 1: Episodio 6","14/1/21"
"La reina de Indias y el conquistador: Temporada 1: Episodio 5","14/1/21"
"La reina de Indias y el conquistador: Temporada 1: Episodio 4","14/1/21"
"13 Reasons Why: Temporada 3: Hasta que llegó el huracán","13/1/21"
"La reina de Indias y el conquistador: Temporada 1: Episodio 3","12/1/21"
"La reina de Indias y el conquistador: Temporada 1: Episodio 2","12/1/21"
"La reina de Indias y el conquistador: Temporada 1: Episodio 1","11/1/21"
"How to Sell Drugs Online (Fast): Temporada 2: Piensa diferente","10/1/21"
"El Halloween de Hubie","10/1/21"
"Bridgerton: Temporada 1: Diamante de primera","10/1/21"
"Star Trek: Discovery: Temporada 3: Esa esperanza es usted, Parte 2","10/1/21"
"A la caza de espíritus malignos: Temporada 1: Episodio 12","10/1/21"
"A la caza de espíritus malignos: Temporada 1: Episodio 11","9/1/21"
"El místico bar efímero: Temporada 1: Episodio 1","9/1/21"
"Misión de rescate","8/1/21"
"La princesa de la tríada: Temporada 1: El destino","8/1/21"
"La princesa de la tríada: Temporada 1: Teníamos un acuerdo","8/1/21"
"La princesa de la tríada: Temporada 1: Te contaré un secreto","6/1/21"
"La princesa de la tríada: Temporada 1: La escoria","6/1/21"
"La princesa de la tríada: Temporada 1: Elefantes","6/1/21"
"La princesa de la tríada: Temporada 1: Shing Bwei","6/1/21"
"Amigos de la universidad: Temporada 1: Bienvenidos a Nueva York","5/1/21"
"A la caza de espíritus malignos: Temporada 1: Episodio 10","3/1/21"
"El mundo oculto de Sabrina: Parte 4: Capítulo treinta y seis: Pico de locura","3/1/21"
"El mundo oculto de Sabrina: Parte 4: Capítulo treinta y cinco: Interminable","3/1/21"
"El mundo oculto de Sabrina: Parte 4: Capítulo treinta y cuatro: Los resucitados","3/1/21"
"El mundo oculto de Sabrina: Parte 4: Capítulo treinta y tres: Deus ex machina","3/1/21"
"El mundo oculto de Sabrina: Parte 4: Capítulo treinta y dos: El demonio de la perversidad","3/1/21"
"El mundo oculto de Sabrina: Parte 4: Capítulo treinta y uno: Raro","3/1/21"
"El testamento de la abuela","3/1/21"
"A la caza de espíritus malignos: Temporada 1: Episodio 9","2/1/21"
"Star Trek: Discovery: Temporada 3: Existe una marea…","2/1/21"
"El mundo oculto de Sabrina: Parte 4: Capítulo treinta: Nadie lo invitó","2/1/21"
"El mundo oculto de Sabrina: Parte 4: Capítulo veintinueve: La oscuridad arcana","1/1/21"
"El mundo oculto de Sabrina: Parte 3: Capítulo veintiocho: Sabrina es leyenda","1/1/21"
"Liga de la Justicia","31/12/20"
"La leyenda de Korra: Libro dos: Espíritus: Cae la oscuridad","29/12/20"
"La leyenda de Korra: Libro dos: Espíritus: La convergencia armónica","29/12/20"
"La leyenda de Korra: Libro dos: Espíritus: La noche de las mil estrellas","29/12/20"
"La leyenda de Korra: Libro dos: Espíritus: Una nueva era espiritual","29/12/20"
"Castigador de demonios: Temporada 1: Episodio 3","29/12/20"
"Star Trek: Discovery: Temporada 3: Su'kai","29/12/20"
"La leyenda de Korra: Libro dos: Espíritus: La guía","28/12/20"
"La leyenda de Korra: Libro dos: Espíritus: Comienzos: Parte 2","28/12/20"
"La leyenda de Korra: Libro dos: Espíritus: Comienzos: Parte 1","28/12/20"
"La leyenda de Korra: Libro dos: Espíritus: Operación encubierta","28/12/20"
"The King's Avatar: Temporada 1: Episodio 40","28/12/20"
"The King's Avatar: Temporada 1: Episodio 39","28/12/20"
"The King's Avatar: Temporada 1: Episodio 38","28/12/20"
"The King's Avatar: Temporada 1: Episodio 37","28/12/20"
"The King's Avatar: Temporada 1: Episodio 36","27/12/20"
"The King's Avatar: Temporada 1: Episodio 35","27/12/20"
"The King's Avatar: Temporada 1: Episodio 33","27/12/20"
"The King's Avatar: Temporada 1: Episodio 34","27/12/20"
"The King's Avatar: Temporada 1: Episodio 32","27/12/20"
"The King's Avatar: Temporada 1: Episodio 31","27/12/20"
"The King's Avatar: Temporada 1: Episodio 30","27/12/20"
"The King's Avatar: Temporada 1: Episodio 28","27/12/20"
"The King's Avatar: Temporada 1: Episodio 29","27/12/20"
"The King's Avatar: Temporada 1: Episodio 27","27/12/20"
"The King's Avatar: Temporada 1: Episodio 26","27/12/20"
"The King's Avatar: Temporada 1: Episodio 25","27/12/20"
"The King's Avatar: Temporada 1: Episodio 24","27/12/20"
"The King's Avatar: Temporada 1: Episodio 23","27/12/20"
"The King's Avatar: Temporada 1: Episodio 22","26/12/20"
"The King's Avatar: Temporada 1: Episodio 21","26/12/20"
"The King's Avatar: Temporada 1: Episodio 20","26/12/20"
"The King's Avatar: Temporada 1: Episodio 19","26/12/20"
"The King's Avatar: Temporada 1: Episodio 18","26/12/20"
"The King's Avatar: Temporada 1: Episodio 17","26/12/20"
"The King's Avatar: Temporada 1: Episodio 16","26/12/20"
"The King's Avatar: Temporada 1: Episodio 15","25/12/20"
"The King's Avatar: Temporada 1: Episodio 14","25/12/20"
"Superheroicos","25/12/20"
"The King's Avatar: Temporada 1: Episodio 13","24/12/20"
"Operación Regalo","24/12/20"
"The King's Avatar: Temporada 1: Episodio 12","23/12/20"
"The King's Avatar: Temporada 1: Episodio 11","23/12/20"
"Chichipatos: ¡Qué chimba de Navidad!","22/12/20"
"The King's Avatar: Temporada 1: Episodio 10","22/12/20"
"The King's Avatar: Temporada 1: Episodio 9","22/12/20"
"The King's Avatar: Temporada 1: Episodio 8","22/12/20"
"The King's Avatar: Temporada 1: Episodio 7","22/12/20"
"The King's Avatar: Temporada 1: Episodio 6","22/12/20"
"The King's Avatar: Temporada 1: Episodio 5","22/12/20"
"The King's Avatar: Temporada 1: Episodio 4","21/12/20"
"The King's Avatar: Temporada 1: Episodio 3","21/12/20"
"The King's Avatar: Temporada 1: Episodio 2","21/12/20"
"The King's Avatar: Temporada 1: Episodio 1","21/12/20"
"A la caza de espíritus malignos: Temporada 1: Episodio 8","20/12/20"
"A la caza de espíritus malignos: Temporada 1: Episodio 7","20/12/20"
"Star Trek: Discovery: Temporada 3: Terra firma, Parte 2","20/12/20"
"Navidad en casa: Temporada 2: Caos navideño","20/12/20"
"Navidad en casa: Temporada 2: La cita perfecta","20/12/20"
"Navidad en casa: Temporada 2: Citas rápidas de Navidad","19/12/20"
"Navidad en casa: Temporada 2: Atorada en el pasado","19/12/20"
"Navidad en casa: Temporada 2: Dulce venganza","19/12/20"
"Navidad en casa: Temporada 2: Te quiero, no te quiero","19/12/20"
"Cambio de papeles","18/12/20"
"La leyenda de Korra: Libro dos: Espíritus: Pacificadores","18/12/20"
"La leyenda de Korra: Libro dos: Espíritus: Guerra Civil: Parte 2","18/12/20"
"La leyenda de Korra: Libro dos: Espíritus: Guerra Civil: Parte 1","18/12/20"
"La leyenda de Korra: Libro dos: Espíritus: Luces del sur","17/12/20"
"La leyenda de Korra: Libro dos: Espíritus: Espíritu rebelde","17/12/20"
"La leyenda de la serpiente blanca: Temporada 1: Episodio 3","17/12/20"
"Adolescentes cazadoras de recompensas: Temporada 1: La camioneta de papá","16/12/20"
"Star Trek: Discovery: Temporada 3: Terra firma, Parte 1","16/12/20"
"A la caza de espíritus malignos: Temporada 1: Episodio 6","16/12/20"
"Una Navidad en California","16/12/20"
"El deseo de Navidad de Angela","14/12/20"
"Star Trek: Discovery: Temporada 3: El santuario","14/12/20"
"Star Trek: Discovery: Temporada 3: Unificación iii","14/12/20"
"Star Trek: Discovery: Temporada 3: Chatarreros","14/12/20"
"Star Trek: Discovery: Temporada 3: Morir intentando","13/12/20"
"Star Trek: Discovery: Temporada 3: No me olvides","13/12/20"
"Star Trek: Discovery: Temporada 3: Habitantes de la tierra","13/12/20"
"Star Trek: Discovery: Temporada 3: Lejos de casa","13/12/20"
"Star Trek: Discovery: Temporada 3: Esa esperanza es usted, Parte 1","13/12/20"
"Star Trek: Discovery: Temporada 2: Tan dulce tristeza (Parte 2)","12/12/20"
"A la caza de espíritus malignos: Temporada 1: Episodio 5","12/12/20"
"Navidad en casa: Temporada 1: La cuenta regresiva","11/12/20"
"Navidad en casa: Temporada 1: Dolores del alma","11/12/20"
"Navidad en casa: Temporada 1: Fiesta, fiesta, fiesta","11/12/20"
"Navidad en casa: Temporada 1: ¿Un bebito o un papito?","11/12/20"
"Navidad en casa: Temporada 1: Citas y algo más","11/12/20"
"Navidad en casa: Temporada 1: La gran mentira navideña","11/12/20"
"Una bruja en apuros","11/12/20"
"Un lugar para soñar: Temporada 1: Todos esconden un secreto","11/12/20"
"Un lugar para soñar: Temporada 1: Hacia la luz","11/12/20"
"Star Trek: Discovery: Temporada 2: Tan dulce tristeza","9/12/20"
"Star Trek: Discovery: Temporada 2: A través del Valle de las Sombras","9/12/20"
"Star Trek: Discovery: Temporada 2: Infinito perpetuo","9/12/20"
"Star Trek: Discovery: Temporada 2: El Ángel Rojo","9/12/20"
"Star Trek: Discovery: Temporada 2: Proyecto Daedalus","9/12/20"
"Magos: Relatos de Arcadia: Temporada 1: La Dama del Lago","8/12/20"
"Magos: Relatos de Arcadia: Temporada 1: Cacería de brujas","8/12/20"
"Magos: Relatos de Arcadia: Temporada 1: Forjando la historia","8/12/20"
"La nueva Cenicienta: Un deseo de Navidad","8/12/20"
"Feo pero sabroso","8/12/20"
"Cásese quien pueda","7/12/20"
"A la caza de espíritus malignos: Temporada 1: Episodio 4","7/12/20"
"Klaus","6/12/20"
"Jingle Jangle: Una mágica Navidad","5/12/20"
"A la caza de espíritus malignos: Temporada 1: Episodio 3","5/12/20"
"La otra Missy","5/12/20"
"La historia real de un falso asesino","4/12/20"
"Ostra","3/12/20"
"A la caza de espíritus malignos: Temporada 1: Episodio 2","1/12/20"
"Dolly Parton: Navidad en la plaza","1/12/20"
"No estaba muerto, andaba de parranda","30/11/20"
"A la caza de espíritus malignos: Temporada 1: Episodio 1","30/11/20"
"Star Trek: Discovery: Temporada 2: Si la memoria no me falla","30/11/20"
"Las crónicas de Navidad: Parte dos","29/11/20"
"El paseo 4 - La familia va a Miami","29/11/20"
"El que se enamora pierde","29/11/20"
"Jurassic World: El reino caído","28/11/20"
"Stranger Things: Stranger Things 2: Capítulo uno: MADMAX","28/11/20"
"Stranger Things: Capítulo uno: La desaparición de Will Byers","28/11/20"
"Si saben cómo me pongo ¿pa' qué me invitan?","27/11/20"
"Geo-Tormenta","25/11/20"
"Macho","25/11/20"
"Work it: Al ritmo de los sueños","24/11/20"
"The Princess Weiyoung: Temporada 1: Episodio 1","24/11/20"
"La leyenda de la serpiente blanca: Temporada 1: Episodio 2","23/11/20"
"La leyenda de la serpiente blanca: Temporada 1: Episodio 1","23/11/20"
"Anacleto: Agente Secreto","23/11/20"
"Thi Mai: rumbo a Vietnam","22/11/20"
"Remodelaciones festivas con el Sr. Navidad: Temporada 1: Historia de dos celebraciones","22/11/20"
"Castigador de demonios: Temporada 1: Episodio 2","22/11/20"
"Gente que viene y bah","21/11/20"
"Perdiendo el norte","21/11/20"
"The Protector: Temporada 3: Episodio 3","21/11/20"
"Mundo doble","21/11/20"
"Remodelaciones festivas con el Sr. Navidad: Temporada 1: Mi gran Navidad italiana","21/11/20"
"Remodelaciones festivas con el Sr. Navidad: Temporada 1: Pueblo chico, Navidad grande","21/11/20"
"Intercambio de princesas 2","21/11/20"
"Atrapa ese email","18/11/20"
"Remodelaciones festivas con el Sr. Navidad: Temporada 1: ¡Esta Navidad es nuestra!","18/11/20"
"El club de las cosas mágicas: El club de las cosas mágicas, Temporada 1: Fin del camino (Parte 2)","17/11/20"
"El club de las cosas mágicas: El club de las cosas mágicas, Temporada 1: Fin del camino (Parte 1)","17/11/20"
"El club de las cosas mágicas: El club de las cosas mágicas, Temporada 1: Tras la pista","17/11/20"
"El club de las cosas mágicas: El club de las cosas mágicas, Temporada 1: Acusada","17/11/20"
"El club de las cosas mágicas: El club de las cosas mágicas, Temporada 1: El premio","17/11/20"
"El club de las cosas mágicas: El club de las cosas mágicas, Temporada 1: Día del juicio","17/11/20"
"El club de las cosas mágicas: El club de las cosas mágicas, Temporada 1: El ojo de Horus","17/11/20"
"El club de las cosas mágicas: El club de las cosas mágicas, Temporada 1: Fuerza de atracción","17/11/20"
"El club de las cosas mágicas: El club de las cosas mágicas, Temporada 1: Pasillo 13","17/11/20"
"El club de las cosas mágicas: El club de las cosas mágicas, Temporada 1: Un cuento de hadas","17/11/20"
"El club de las cosas mágicas: El club de las cosas mágicas, Temporada 1: Aguas desconocidas","16/11/20"
"El club de las cosas mágicas: El club de las cosas mágicas, Temporada 1: En la playa","16/11/20"
"El club de las cosas mágicas: El club de las cosas mágicas, Temporada 1: Atajos","16/11/20"
"Un lugar para soñar: Temporada 1: A decir verdad","15/11/20"
"El club de las cosas mágicas: El club de las cosas mágicas, Temporada 1: Hada por un día","15/11/20"
"El club de las cosas mágicas: El club de las cosas mágicas, Temporada 1: La prueba","15/11/20"
"El club de las cosas mágicas: El club de las cosas mágicas, Temporada 1: Un caballero inolvidable","15/11/20"
"El club de las cosas mágicas: El club de las cosas mágicas, Temporada 1: Día de perros","15/11/20"
"El club de las cosas mágicas: El club de las cosas mágicas, Temporada 1: El mundo es un escenario","15/11/20"
"El club de las cosas mágicas: El club de las cosas mágicas, Temporada 1: Magia en el aire","15/11/20"
"El club de las cosas mágicas: El club de las cosas mágicas, Temporada 1: Un accidente mágico","15/11/20"
"Las crónicas de Navidad","15/11/20"
"Rebelión de los Godínez","15/11/20"
"AJ and the Queen: Temporada 1: Dallas","13/11/20"
"AJ and the Queen: Temporada 1: Fort Worth","13/11/20"
"AJ and the Queen: Temporada 1: Baton Rouge","13/11/20"
"AJ and the Queen: Temporada 1: Jackson","13/11/20"
"Nace una reina: Temporada 1: Paola Di Verona","13/11/20"
"AJ and the Queen: Temporada 1: Little Rock","12/11/20"
"AJ and the Queen: Temporada 1: Mount Juliet","12/11/20"
"AJ and the Queen: Temporada 1: Louisville","12/11/20"
"AJ and the Queen: Temporada 1: Columbus","11/11/20"
"Un lugar para soñar: Temporada 1: A mezclarse","11/11/20"
"AJ and the Queen: Temporada 1: Pittsburgh","11/11/20"
"Un lugar para soñar: Temporada 1: Bajo fuego","10/11/20"
"Un lugar para soñar: Temporada 1: Corazón herido","10/11/20"
"Un lugar para soñar: Temporada 1: ... y encontrarse","10/11/20"
"Un lugar para soñar: Temporada 1: Perderse","10/11/20"
"Un lugar para soñar: Temporada 1: Seguir adelante","10/11/20"
"AJ and the Queen: Temporada 1: Nueva York","9/11/20"
"Ahí te encargo","8/11/20"
"Operación Feliz Navidad","8/11/20"
"El último maestro del aire","7/11/20"
"La casa de las conejitas","7/11/20"
"Abyss: Temporada 1: Episodio 16","7/11/20"
"Abyss: Temporada 1: Episodio 15","6/11/20"
"Abyss: Temporada 1: Episodio 14","4/11/20"
"Abyss: Temporada 1: Episodio 13","4/11/20"
"Abyss: Temporada 1: Episodio 12","4/11/20"
"Abyss: Temporada 1: Episodio 11","3/11/20"
"Abyss: Temporada 1: Episodio 10","3/11/20"
"Diva adolescente","2/11/20"
"Abyss: Temporada 1: Episodio 9","2/11/20"
"Abyss: Temporada 1: Episodio 8","2/11/20"
"Una Navidad a la medida","1/11/20"
"Abyss: Temporada 1: Episodio 7","1/11/20"
"Abyss: Temporada 1: Episodio 6","1/11/20"
"Abyss: Temporada 1: Episodio 5","31/10/20"
"Abyss: Temporada 1: Episodio 4","31/10/20"
"Abyss: Temporada 1: Episodio 3","31/10/20"
"Abyss: Temporada 1: Episodio 2","31/10/20"
"Abyss: Temporada 1: Episodio 1","31/10/20"
"Amor garantizado","31/10/20"
"¿Cómo matar a un esposo muerto?","30/10/20"
"Amor de calendario","29/10/20"
"La niñera: Reina Letal","29/10/20"
"Pon tu nombre en alto: Temporada 1: Episodio 16","29/10/20"
"Pon tu nombre en alto: Temporada 1: Episodio 15","29/10/20"
"Pon tu nombre en alto: Temporada 1: Episodio 14","27/10/20"
"Pon tu nombre en alto: Temporada 1: Episodio 13","27/10/20"
"Pon tu nombre en alto: Temporada 1: Episodio 12","27/10/20"
"Pon tu nombre en alto: Temporada 1: Episodio 11","26/10/20"
"Pon tu nombre en alto: Temporada 1: Episodio 10","26/10/20"
"Pon tu nombre en alto: Temporada 1: Episodio 9","26/10/20"
"Pon tu nombre en alto: Temporada 1: Episodio 8","26/10/20"
"Pon tu nombre en alto: Temporada 1: Episodio 7","25/10/20"
"Pon tu nombre en alto: Temporada 1: Episodio 6","25/10/20"
"Pon tu nombre en alto: Temporada 1: Episodio 5","25/10/20"
"Pon tu nombre en alto: Temporada 1: Episodio 4","25/10/20"
"Gambito de dama: Miniserie: Aperturas","25/10/20"
"Pon tu nombre en alto: Temporada 1: Episodio 3","25/10/20"
"Pon tu nombre en alto: Temporada 1: Episodio 2","25/10/20"
"Pon tu nombre en alto: Temporada 1: Episodio 1","25/10/20"
"Castigador de demonios: Temporada 1: Episodio 1","25/10/20"
"Grand Army: Temporada 1: Brooklyn, 2020","24/10/20"
"Another Miss Oh: Temporada 1: Episodio 1","24/10/20"
"Los archivos de la enfermera escolar: Temporada 1: Episodio 4","23/10/20"
"Los archivos de la enfermera escolar: Temporada 1: Episodio 3","23/10/20"
"Los archivos de la enfermera escolar: Temporada 1: Episodio 2","23/10/20"
"Los archivos de la enfermera escolar: Temporada 1: Episodio 1","23/10/20"
"Star Trek: Discovery: Temporada 2: Luz y sombras","22/10/20"
"Star Trek: Discovery: Temporada 2: El sonido del trueno","22/10/20"
"Star Trek: Discovery: Temporada 2: Santos de la imperfección","22/10/20"
"Kipo y la era de los magnimales: Temporada 2: Héroes en llamas","22/10/20"
"Kipo y la era de los magnimales: Temporada 2: Todo lo que brilla","22/10/20"
"Wu Assassins: Temporada 1: Caminos: Parte 2","21/10/20"
"Wu Assassins: Temporada 1: Caminos: Parte 1","21/10/20"
"Wu Assassins: Temporada 1: Noche de mujeres","21/10/20"
"Jefe introvertido: Temporada 1: Episodio 16","20/10/20"
"Jefe introvertido: Temporada 1: Episodio 15","19/10/20"
"Jefe introvertido: Temporada 1: Episodio 14","18/10/20"
"Jefe introvertido: Temporada 1: Episodio 13","18/10/20"
"Jefe introvertido: Temporada 1: Episodio 12","18/10/20"
"Jefe introvertido: Temporada 1: Episodio 11","18/10/20"
"Jefe introvertido: Temporada 1: Episodio 10","17/10/20"
"Jefe introvertido: Temporada 1: Episodio 9","17/10/20"
"Jefe introvertido: Temporada 1: Episodio 8","17/10/20"
"Jefe introvertido: Temporada 1: Episodio 7","17/10/20"
"Jefe introvertido: Temporada 1: Episodio 6","17/10/20"
"Jefe introvertido: Temporada 1: Episodio 5","16/10/20"
"Jefe introvertido: Temporada 1: Episodio 4","16/10/20"
"Guía de una niñera para cazar monstruos","15/10/20"
"Ocultos por la Luna","14/10/20"
"Jefe introvertido: Temporada 1: Episodio 3","14/10/20"
"Jefe introvertido: Temporada 1: Episodio 2","13/10/20"
"Jefe introvertido: Temporada 1: Episodio 1","11/10/20"
"Peaky Blinders: Temporada 1: Episodio 1","11/10/20"
"Khoobsurat","10/10/20"
"Lucifer: Temporada 5: El gemelo maldito","10/10/20"
"Lucifer: Temporada 5: Aprender a compartir","10/10/20"
"Sword Art Online: Sword Art Online: Alicization: Mundo subterráneo","10/10/20"
"Parásitos","10/10/20"
"Time Trap","9/10/20"
"Vampiros vs. el Bronx","9/10/20"
"Emily en París: Temporada 1: Recalculando","8/10/20"
"Emily en París: Temporada 1: La subasta","8/10/20"
"Emily en París: Temporada 1: A la conquista de una familia","8/10/20"
"Emily en París: Temporada 1: Final a la francesa","6/10/20"
"Emily en París: Temporada 1: Ringarde","6/10/20"
"Emily en París: Temporada 1: Falsos amigos","6/10/20"
"Emily en París: Temporada 1: Un beso es solo eso","6/10/20"
"Emily en París: Temporada 1: ¿Sexi o sexista?","6/10/20"
"Emily en París: Temporada 1: Femenina y masculina","6/10/20"
"Emily en París: Temporada 1: Emily en París","6/10/20"
"La noche que salvamos a mamá","5/10/20"
"Byzantium","4/10/20"
"El agente de C.I.P.O.L.","4/10/20"
"Sword Art Online: Sword Art Online II: Rendimiento de informes","3/10/20"
"La peor bruja: Temporada 4: La hora de las brujas (Parte 2)","2/10/20"
"La peor bruja: Temporada 4: La hora de las brujas (Parte 1)","2/10/20"
"La peor bruja: Temporada 4: Fundamental","2/10/20"
"La peor bruja: Temporada 4: Una brujería en el tiempo","2/10/20"
"Supergirl: Temporada 5: (In)mortal Kombat","2/10/20"
"Temporada 1 (Tráiler): La Revolución","2/10/20"
"La peor bruja: Temporada 4: Mildred, la detective","2/10/20"
"La peor bruja: Temporada 4: La última carrera de Enid","2/10/20"
"La peor bruja: Temporada 4: El lago de cristal","2/10/20"
"La peor bruja: Temporada 4: El cambio de imagen mágico de Maud","2/10/20"
"La peor bruja: Temporada 4: El árbol prohibido","1/10/20"
"La peor bruja: Temporada 4: Enid Nightshade, superestrella","1/10/20"
"La peor bruja: Temporada 4: Feliz cumpleaños, Indigo Moon","1/10/20"
"La peor bruja: Temporada 4: Gertrudis, la grande","1/10/20"
"La peor bruja: Temporada 4: Las tres imposibilidades","1/10/20"
"Supergirl: Temporada 5: La falla","1/10/20"
"Supergirl: Temporada 5: Deus Lex Machina","1/10/20"
"Supergirl: Temporada 5: Realidad vs. mundo virtual","1/10/20"
"Supergirl: Temporada 5: Alex en el país de las maravillas","30/9/20"
"Supergirl: Temporada 5: La guardaespaldas","30/9/20"
"Sword Art Online: Beater","30/9/20"
"Supergirl: Temporada 5: Una supervida","30/9/20"
"Supergirl: Temporada 5: Volver del futuro (Parte 2)","30/9/20"
"Supergirl: Temporada 5: Volver del futuro (Parte 1)","30/9/20"
"100 días para enamorarnos: Temporada 1: A 50 días del acuerdo","28/9/20"
"100 días para enamorarnos: Temporada 1: Como abeja a la miel","28/9/20"
"100 días para enamorarnos: Temporada 1: La metida de pata","28/9/20"
"100 días para enamorarnos: Temporada 1: Espejismos","28/9/20"
"100 días para enamorarnos: Temporada 1: El otro pacto","28/9/20"
"100 días para enamorarnos: Temporada 1: Cenizas de amor","28/9/20"
"100 días para enamorarnos: Temporada 1: Sin palabras","28/9/20"
"100 días para enamorarnos: Temporada 1: Un coqueteo picante","28/9/20"
"100 días para enamorarnos: Temporada 1: Una bomba a punto de explotar","27/9/20"
"100 días para enamorarnos: Temporada 1: Un corazón para dos","27/9/20"
"100 días para enamorarnos: Temporada 1: Olfato de sabuesos","27/9/20"
"100 días para enamorarnos: Temporada 1: El cuarto poder","27/9/20"
"100 días para enamorarnos: Temporada 1: Inoportunos","27/9/20"
"100 días para enamorarnos: Temporada 1: No hay dos sin tres","27/9/20"
"100 días para enamorarnos: Temporada 1: El ataque","27/9/20"
"100 días para enamorarnos: Temporada 1: El coraje de todos","27/9/20"
"100 días para enamorarnos: Temporada 1: Soy Alex","27/9/20"
"100 días para enamorarnos: Temporada 1: Acorralado","27/9/20"
"100 días para enamorarnos: Temporada 1: Constanza va por más","26/9/20"
"100 días para enamorarnos: Temporada 1: Sorpresas te da la vida","26/9/20"
"100 días para enamorarnos: Temporada 1: El pretexto","26/9/20"
"100 días para enamorarnos: Temporada 1: Sin el pan y sin la torta","26/9/20"
"100 días para enamorarnos: Temporada 1: Los cómplices están de fiesta","26/9/20"
"100 días para enamorarnos: Temporada 1: Los 100 días de Luis","26/9/20"
"100 días para enamorarnos: Temporada 1: Dos hombres para una cita","26/9/20"
"100 días para enamorarnos: Temporada 1: Por los viejos tiempos","26/9/20"
"100 días para enamorarnos: Temporada 1: Plutarco al bate","26/9/20"
"100 días para enamorarnos: Temporada 1: Como lobo a su presa","25/9/20"
"100 días para enamorarnos: Temporada 1: La fiesta inolvidable","25/9/20"
"100 días para enamorarnos: Temporada 1: Toma y dame","25/9/20"
"100 días para enamorarnos: Temporada 1: Triángulos amorosos","25/9/20"
"100 días para enamorarnos: Temporada 1: Gallitos de pelea","25/9/20"
"100 días para enamorarnos: Temporada 1: Partidazo","25/9/20"
"100 días para enamorarnos: Temporada 1: Lobo puede con todas","25/9/20"
"100 días para enamorarnos: Temporada 1: El viejo truco de la seducción","25/9/20"
"100 días para enamorarnos: Temporada 1: El caso más difícil","25/9/20"
"100 días para enamorarnos: Temporada 1: Cara o sello","25/9/20"
"100 días para enamorarnos: Temporada 1: La vida loca en Miami","25/9/20"
"100 días para enamorarnos: Temporada 1: Impulsos del corazón","24/9/20"
"100 días para enamorarnos: Temporada 1: No hay vuelta atrás","24/9/20"
"100 días para enamorarnos: Temporada 1: Adiós al pacto","24/9/20"
"100 días para enamorarnos: Temporada 1: Del amor a la locura","24/9/20"
"100 días para enamorarnos: Temporada 1: Capricho","24/9/20"
"100 días para enamorarnos: Temporada 1: Infiel a la vista","24/9/20"
"100 días para enamorarnos: Temporada 1: Los tiempos cambian","24/9/20"
"100 días para enamorarnos: Temporada 1: Telaraña de mentiras","23/9/20"
"100 días para enamorarnos: Temporada 1: Amor cibernético","23/9/20"
"100 días para enamorarnos: Temporada 1: El imperio de los machos","23/9/20"
"100 días para enamorarnos: Temporada 1: La Cuesta del amor","23/9/20"
"100 días para enamorarnos: Temporada 1: La apuesta de Sol","23/9/20"
"100 días para enamorarnos: Temporada 1: Efecto tequila","23/9/20"
"100 días para enamorarnos: Temporada 1: La dura competencia","23/9/20"
"100 días para enamorarnos: Temporada 1: El turno es de Constanza","23/9/20"
"100 días para enamorarnos: Temporada 1: En la gloria","22/9/20"
"100 días para enamorarnos: Temporada 1: Plutarco estrena su libertad","22/9/20"
"100 días para enamorarnos: Temporada 1: El insólito acuerdo","22/9/20"
"Lady Bird","22/9/20"
"100 días para enamorarnos: Temporada 1: Parejas en crisis","22/9/20"
"Supergirl: Temporada 5: El episodio de la botella","22/9/20"
"Supergirl: Temporada 5: Crisis en tierras infinitas: Hora uno","22/9/20"
"Supergirl: Temporada 5: La ira de Rama Khan","21/9/20"
"Supergirl: Temporada 5: Temblores","21/9/20"
"Supergirl: Temporada 5: Amigas y farsantes","21/9/20"
"Supergirl: Temporada 5: Intermediarios peligrosos","21/9/20"
"Supergirl: Temporada 5: A la vista de todos","21/9/20"
"Supergirl: Temporada 5: Límite difuso","21/9/20"
"Supergirl: Temporada 5: Alguien extraño a mi lado","20/9/20"
"Supergirl: Temporada 5: Horizonte de sucesos","20/9/20"
"El rey Arturo: La leyenda de la espada","19/9/20"
"Lucifer: Temporada 5: Carnal","18/9/20"
"Lucifer: Temporada 5: Detective Amenadiel","17/9/20"
"Lucifer: Temporada 5: Una historia en clave noir","17/9/20"
"Lucifer: Temporada 5: ¡Diablo!","17/9/20"
"Lucifer: Temporada 5: ¡Lucifer, Lucifer, Lucifer!","17/9/20"
"Lucifer: Temporada 5: El príncipe triste","17/9/20"
"Los recolectores","17/9/20"
"Las chicas del cable: Temporada 4: Capítulo 32: La suerte","16/9/20"
"Monstrum","16/9/20"
"Magos: Relatos de Arcadia: Temporada 1: Hechizado","16/9/20"
"La venganza de Analía: Temporada 1: Episodio 1","15/9/20"
"Lucifer: Temporada 4: ¿Quién es el nuevo rey del infierno?","15/9/20"
"Se busca papá","15/9/20"
"The Shannara Chronicles: Temporada 2: Sangre","15/9/20"
"The Shannara Chronicles: Temporada 2: Fuga","15/9/20"
"The Shannara Chronicles: Temporada 2: Amberle","15/9/20"
"The Shannara Chronicles: Temporada 2: Señor de los Hechiceros","15/9/20"
"The Shannara Chronicles: Temporada 2: Carmesí","14/9/20"
"The Shannara Chronicles: Temporada 2: Paranor","14/9/20"
"The Shannara Chronicles: Temporada 2: Morador","13/9/20"
"The Shannara Chronicles: Temporada 2: Marca Gris","13/9/20"
"The Shannara Chronicles: Temporada 2: Espectro","13/9/20"
"The Shannara Chronicles: Temporada 2: Druida","13/9/20"
"The Shannara Chronicles: Temporada 1: El Ellcrys","13/9/20"
"The Shannara Chronicles: Temporada 1: El laberinto subterráneo","13/9/20"
"The Shannara Chronicles: Temporada 1: Utopía","13/9/20"
"The Shannara Chronicles: Temporada 1: Los cazadores de elfos","11/9/20"
"Freaks: Eres de los nuestros","11/9/20"
"Lucifer: Temporada 1: Quieto, Lucifer. Buen diablo.","11/9/20"
"Tammy","11/9/20"
"Los últimos días del crimen","11/9/20"
"Kipo y la era de los magnimales: Temporada 2: Simpatía por el mandril","9/9/20"
"Kipo y la era de los magnimales: Temporada 2: Benson y la bestia","9/9/20"
"Kipo y la era de los magnimales: Temporada 2: Honguillo (Parte 2)","9/9/20"
"Kipo y la era de los magnimales: Temporada 2: Honguillo (Parte 1)","9/9/20"
"Prisionero en casa","24/12/19"
"Especial de Navidad de Porta dos Fundos 2019","24/12/19"
"Los 3 de abajo: Relatos de Arcadia: Parte 2: Carrera a Mercadotrol","23/12/19"
"Los 3 de abajo: Relatos de Arcadia: Parte 2: El sueño eterno","23/12/19"
"Los 3 de abajo: Relatos de Arcadia: Parte 2: La caída de la Casa Tarron","23/12/19"
"Los 3 de abajo: Relatos de Arcadia: Parte 2: Luug se va de paseo","23/12/19"
"Los 3 de abajo: Relatos de Arcadia: Parte 2: La furia del asteroide","23/12/19"
"Personal Shopper_hook_primary_16x9","21/12/19"
"Alejandro Magno","18/12/19"
"Inferno","18/12/19"
"La ley secreta: Temporada 1: Episodio 4","18/12/19"
"La ley secreta: Temporada 1: Episodio 3","18/12/19"
"La Doña: Temporada 1: Rafael contraataca","18/12/19"
"La Doña: Temporada 1: Corazón amarrado","18/12/19"
"La Doña: Temporada 1: Cercanos en el peligro","18/12/19"
"Los 3 de abajo: Relatos de Arcadia: Parte 2: Hay algo raro con Gwen (de Gorbon)","17/12/19"
"Los 3 de abajo: Relatos de Arcadia: Parte 2: Bienes mal habidos","17/12/19"
"Los 3 de abajo: Relatos de Arcadia: Parte 2: Día de las Madres","17/12/19"
"Los 3 de abajo: Relatos de Arcadia: Parte 2: Un verano de combate aéreo","17/12/19"
"Los 3 de abajo: Relatos de Arcadia: Parte 2: Excursión nocturna","17/12/19"
"Los 3 de abajo: Relatos de Arcadia: Parte 2: Día de mudanza","17/12/19"
"Treasures from the Wreck of the Unbelievable","15/12/19"
"Marvel's Agents of S.H.I.E.L.D.: Temporada 4: ¿Y si...?","14/12/19"
"Dinero nuevo","14/12/19"
"Un príncipe de Navidad: La boda real","13/12/19"
"V Wars: Temporada 1: Iguales","10/12/19"
"V Wars: Temporada 1: La enfermedad","10/12/19"
"Dos locas en fuga","10/12/19"
"Final Space: Temporada 2: La sexta llave","9/12/19"
"Final Space: Temporada 2: La caída en la oscuridad","9/12/19"
"Star Trek: Enterprise: Temporada 1: La primera misión","9/12/19"
"Un príncipe de Navidad: Bebé real","8/12/19"
"Mi querido guerrero: Temporada 1: El visitante atormentado","8/12/19"
"Final Space: Temporada 2: La trampa","8/12/19"
"Final Space: Temporada 2: El espía perdido","8/12/19"
"Final Space: Temporada 2: La proximidad que se aleja","8/12/19"
"Final Space: Temporada 2: Los recuerdos","8/12/19"
"Final Space: Temporada 2: Las primeras veces que se vieron","8/12/19"
"Final Space: Temporada 2: Los aracnitectos","4/12/19"
"Final Space: Temporada 2: La famosa Sra. Goodspeed","4/12/19"
"Navidad, loca Navidad","3/12/19"
"Príncipe de los dragones: Temporada 3: La batalla final","2/12/19"
"Príncipe de los dragones: Temporada 3: Guerreros","2/12/19"
"Príncipe de los dragones: Temporada 3: Hechizo","2/12/19"
"Príncipe de los dragones: Temporada 3: La muerte del rey Trueno","1/12/19"
"Mi querido guerrero: Temporada 1: La búsqueda del libro","1/12/19"
"Mi querido guerrero: Temporada 1: El comienzo de un viaje caótico","1/12/19"
"La Doña: Temporada 1: Juego de celos","1/12/19"
"Final Space: Temporada 2: La otra dimensión","30/11/19"
"Final Space: Temporada 2: La gran rendición","30/11/19"
"Príncipe de los dragones: Temporada 3: Héroes y mentes maestras","28/11/19"
"Príncipe de los dragones: Temporada 3: Desierto de medianoche","28/11/19"
"Final Space: Temporada 2: El lugar feliz","28/11/19"
"Final Space: Temporada 2: La regata de Toro","28/11/19"
"La Doña: Temporada 1: Loba con piel de cordero","27/11/19"
"La Doña: Temporada 1: Salvado y manipulado","27/11/19"
"Príncipe de los dragones: Temporada 3: Fantasma","27/11/19"
"Príncipe de los dragones: Temporada 3: La corona","27/11/19"
"Príncipe de los dragones: Temporada 3: Sol Regem","25/11/19"
"Ad vitam: Temporada 1: Episodio 4","24/11/19"
"Ad vitam: Temporada 1: Episodio 3","24/11/19"
"El caballero de la Navidad","24/11/19"
"Plan corazón: Temporada 1: Plan secreto","21/11/19"
"Marvel's Agents of S.H.I.E.L.D.: Temporada 4: Autocontrol","18/11/19"
"Marvel's Agents of S.H.I.E.L.D.: Temporada 4: El hombre detrás de S.H.I.E.L.D","17/11/19"
"Marvel's Agents of S.H.I.E.L.D.: Temporada 4: ¡Bum!","17/11/19"
"Mejores que nosotros: Temporada 1: Episodio 16","17/11/19"
"Mejores que nosotros: Temporada 1: Episodio 15","16/11/19"
"Noches blancas","15/11/19"
"Ad vitam: Temporada 1: Episodio 2","14/11/19"
"Mejores que nosotros: Temporada 1: Episodio 14","14/11/19"
"Mejores que nosotros: Temporada 1: Episodio 13","14/11/19"
"Mejores que nosotros: Temporada 1: Episodio 12","14/11/19"
"Mejores que nosotros: Temporada 1: Episodio 11","13/11/19"
"Mejores que nosotros: Temporada 1: Episodio 10","12/11/19"
"Mejores que nosotros: Temporada 1: Episodio 9","12/11/19"
"Mejores que nosotros: Temporada 1: Episodio 8","12/11/19"
"Mejores que nosotros: Temporada 1: Episodio 7","12/11/19"
"Mejores que nosotros: Temporada 1: Episodio 6","12/11/19"
"Mejores que nosotros: Temporada 1: Episodio 5","12/11/19"
"Mejores que nosotros: Temporada 1: Episodio 4","11/11/19"
"Mejores que nosotros: Temporada 1: Episodio 3","11/11/19"
"Mejores que nosotros: Temporada 1: Episodio 2","11/11/19"
"Mejores que nosotros: Temporada 1: Episodio 1","11/11/19"
"La Doña: Temporada 1: Adolfo recibe un no","9/11/19"
"Ad vitam: Temporada 1: Episodio 1","8/11/19"
"Los 3 de abajo: Relatos de Arcadia: Parte 1: Mal augurio","7/11/19"
"Los 3 de abajo: Relatos de Arcadia: Parte 1: Última noche en la Tierra","7/11/19"
"Los 3 de abajo: Relatos de Arcadia: Parte 1: En honor a la verdad","7/11/19"
"Los 3 de abajo: Relatos de Arcadia: Parte 1: Misión arcadiana","7/11/19"
"Los 3 de abajo: Relatos de Arcadia: Parte 1: Contra toda lógica","7/11/19"
"Los 3 de abajo: Relatos de Arcadia: Parte 1: Sin invitación","6/11/19"
"Los 3 de abajo: Relatos de Arcadia: Parte 1: Plan de escape","6/11/19"
"Los 3 de abajo: Relatos de Arcadia: Parte 1: D'aja vu","6/11/19"
"Los 3 de abajo: Relatos de Arcadia: Parte 1: Rumbo a la colisión","6/11/19"
"Los 3 de abajo: Relatos de Arcadia: Parte 1: La plaga","6/11/19"
"Los 3 de abajo: Relatos de Arcadia: Parte 1: La mente sobre la materia","6/11/19"
"Los 3 de abajo: Relatos de Arcadia: Parte 1: Tierra desconocida (Parte 2)","6/11/19"
"Lo nunca visto","5/11/19"
"The Honeymoon Stand Up Special: Colección: Moshe","5/11/19"
"The Honeymoon Stand Up Special: Colección: Natasha","5/11/19"
"Los 3 de abajo: Relatos de Arcadia: Parte 1: Tierra desconocida (Parte 1)","5/11/19"
"Wu Assassins: Temporada 1: Legado","4/11/19"
"La Doña: Temporada 1: Mónica repudia a Altagracia","2/11/19"
"Amor en obras","2/11/19"
"THE UNLISTED: Temporada 1: Episodio 15","1/11/19"
"THE UNLISTED: Temporada 1: Episodio 14","1/11/19"
"Chicas con pelotas","1/11/19"
"THE UNLISTED: Temporada 1: Episodio 13","1/11/19"
"THE UNLISTED: Temporada 1: Episodio 12","1/11/19"
"THE UNLISTED: Temporada 1: Episodio 11","1/11/19"
"THE UNLISTED: Temporada 1: Episodio 10","1/11/19"
"THE UNLISTED: Temporada 1: Episodio 9","31/10/19"
"THE UNLISTED: Temporada 1: Episodio 8","30/10/19"
"La ley secreta: Temporada 1: Episodio 2","30/10/19"
"La ley secreta: Temporada 1: Episodio 1","30/10/19"
"THE UNLISTED: Temporada 1: Episodio 7","29/10/19"
"THE UNLISTED: Temporada 1: Episodio 6","29/10/19"
"THE UNLISTED: Temporada 1: Episodio 5","28/10/19"
"THE UNLISTED: Temporada 1: Episodio 4","28/10/19"
"THE UNLISTED: Temporada 1: Episodio 3","28/10/19"
"Daybreak: Temporada 1: ¡Atrapatontos!","28/10/19"
"Daybreak: Temporada 1: Josh contra el apocalipsis: Parte 1","28/10/19"
"THE UNLISTED: Temporada 1: Episodio 2","28/10/19"
"THE UNLISTED: Temporada 1: Episodio 1","28/10/19"
"La Doña: Temporada 1: El sacrificio de Yesenia","28/10/19"
"La Doña: Temporada 1: Desquite de Braulio","28/10/19"
"Interior Design Masters: Temporada 1: Episodio 8","28/10/19"
"Interior Design Masters: Temporada 1: Episodio 7","27/10/19"
"Interior Design Masters: Temporada 1: Episodio 6","27/10/19"
"Interior Design Masters: Temporada 1: Episodio 5","26/10/19"
"Interior Design Masters: Temporada 1: Episodio 4","26/10/19"
"Interior Design Masters: Temporada 1: Episodio 3","26/10/19"
"Las chicas del cable: Temporada 4: Capítulo 31: La felicidad","26/10/19"
"Las chicas del cable: Temporada 4: Capítulo 30: La duda","26/10/19"
"Las chicas del cable: Temporada 4: Capítulo 29: La vida","25/10/19"
"Las chicas del cable: Temporada 4: Capítulo 28: El miedo","24/10/19"
"Las chicas del cable: Temporada 4: Capítulo 27: La justicia","24/10/19"
"Interior Design Masters: Temporada 1: Episodio 2","24/10/19"
"Interior Design Masters: Temporada 1: Episodio 1","24/10/19"
"Otra vida: Temporada 1: Hola","19/10/19"
"Otra vida: Temporada 1: En cuerpo y alma","19/10/19"
"Otra vida: Temporada 1: Cómo se pierde la luz","19/10/19"
"Cómo criar a un superhéroe: Temporada 1: N.º 109: Invento asesino","19/10/19"
"Cómo criar a un superhéroe: Temporada 1: N.º 108: No te gustaría verlo enojado","19/10/19"
"Cómo criar a un superhéroe: Temporada 1: N.º 107: ¿Por qué tan seriamente enfermo?","19/10/19"
"Cómo criar a un superhéroe: Temporada 1: N.º 106: Los superamigos","19/10/19"
"Cómo criar a un superhéroe: Temporada 1: N.º 105: Días del futuro pasado de Mark","19/10/19"
"Cómo criar a un superhéroe: Temporada 1: N.º 104: Bienvenidos a BIONA, esperamos que sobrevivan a la experiencia","19/10/19"
"Cómo criar a un superhéroe: Temporada 1: N.º 103: Bajo control","19/10/19"
"Cómo criar a un superhéroe: Temporada 1: N.º 102: La fortaleza de la soledad","19/10/19"
"Cómo criar a un superhéroe: Temporada 1: N.º 101: Criar a un superhéroe","18/10/19"
"La Doña: Temporada 1: Felipe es acallado","16/10/19"
"Van Helsing: Temporada 3: Casi suicida","15/10/19"
"Van Helsing: Temporada 3: Nudo corredizo","15/10/19"
"Van Helsing: Temporada 3: Jaula oxidada","15/10/19"
"Las chicas del cable: Temporada 4: Capítulo 26: La libertad","14/10/19"
"La Doña: Temporada 1: Daniel se muestra digno","14/10/19"
"Dead Rising: End Game","14/10/19"
"El amanecer de los muertos","14/10/19"
"El Camino: Una película de Breaking Bad","13/10/19"
"La fortaleza de Shanghái","13/10/19"
"Otra vida: Temporada 1: Vivir el sueño","11/10/19"
"Otra vida: Temporada 1: Creo que estamos a solas","11/10/19"
"Otra vida: Temporada 1: Su propia mente","11/10/19"
"Marvel's Agents of S.H.I.E.L.D.: Temporada 4: Sopa de papa caliente","8/10/19"
"La Doña: Temporada 1: Braulio se fuga","8/10/19"
"Otra vida: Temporada 1: Sentimiento de culpa","6/10/19"
"Arthdal Chronicles: Temporada 1: Episodio 18","6/10/19"
"The Walking Dead: Temporada 1: Los viejos tiempos","5/10/19"
"Arthdal Chronicles: Temporada 1: Episodio 17","5/10/19"
"Un bandido honrado: Temporada 1: Episodio 2","5/10/19"
"Un bandido honrado: Temporada 1: Episodio 1","5/10/19"
"Réplicas","4/10/19"
"Solteras","4/10/19"
"Arthdal Chronicles: Temporada 1: Episodio 16","4/10/19"
"Arthdal Chronicles: Temporada 1: Episodio 15","3/10/19"
"Supergirl: Temporada 4: Amanecer rojo","3/10/19"
"Supergirl: Temporada 4: ¿Puede ponerse de pie la verdadera señorita Tessmacher?","3/10/19"
"Supergirl: Temporada 4: Soñadora americana","2/10/19"
"Arthdal Chronicles: Temporada 1: Episodio 14","2/10/19"
"Arthdal Chronicles: Temporada 1: Episodio 13","30/9/19"
"La Doña: Temporada 1: Acercamiento inevitable","29/9/19"
"La Doña: Temporada 1: Perdón tardío","28/9/19"
"Betty en NY: Temporada 1: Un sueño realizado","28/9/19"
"Betty en NY: Temporada 1: Entre la vida y la muerte","28/9/19"
"Betty en NY: Temporada 1: Todo sale a la luz","28/9/19"
"Betty en NY: Temporada 1: Un amigo ingrato","28/9/19"
"Betty en NY: Temporada 1: Por segunda vez","28/9/19"
"Betty en NY: Temporada 1: Sangrando por la herida","28/9/19"
"Betty en NY: Temporada 1: Otra decepción amorosa","28/9/19"
"Betty en NY: Temporada 1: Noche de hombres","28/9/19"
"Betty en NY: Temporada 1: Aquí estoy y aquí me quedo","28/9/19"
"Betty en NY: Temporada 1: Invitado no deseado","28/9/19"
"Betty en NY: Temporada 1: Remordimientos crueles","27/9/19"
"Betty en NY: Temporada 1: Evidencia crucial","27/9/19"
"Betty en NY: Temporada 1: La investigación","27/9/19"
"Betty en NY: Temporada 1: En el lugar equivocado","27/9/19"
"Betty en NY: Temporada 1: Amenaza de muerte","27/9/19"
"Betty en NY: Temporada 1: La nueva presidenta","27/9/19"
"Betty en NY: Temporada 1: Enemiga íntima","27/9/19"
"Betty en NY: Temporada 1: De mujer a mujer","27/9/19"
"Betty en NY: Temporada 1: Sentimientos encontrados","27/9/19"
"Betty en NY: Temporada 1: Regreso triunfal","27/9/19"
"Betty en NY: Temporada 1: Asumir la responsabilidad","26/9/19"
"Betty en NY: Temporada 1: Un padre desilusionado","26/9/19"
"Betty en NY: Temporada 1: Noticia trágica","26/9/19"
"Betty en NY: Temporada 1: La nueva Betty","26/9/19"
"Betty en NY: Temporada 1: Perder la cabeza","26/9/19"
"Betty en NY: Temporada 1: La verdad duele","26/9/19"
"Betty en NY: Temporada 1: Marcando territorio","26/9/19"
"Betty en NY: Temporada 1: La competencia","26/9/19"
"Betty en NY: Temporada 1: Una pista importante","26/9/19"
"Betty en NY: Temporada 1: El estratega","26/9/19"
"Betty en NY: Temporada 1: El montaje","25/9/19"
"Betty en NY: Temporada 1: Todo por amor","25/9/19"
"Betty en NY: Temporada 1: Sospecha confirmada","25/9/19"
"Betty en NY: Temporada 1: Le paga con la misma moneda","25/9/19"
"Betty en NY: Temporada 1: Contra la pared","25/9/19"
"Betty en NY: Temporada 1: Adiós al pasado","25/9/19"
"Betty en NY: Temporada 1: Huir del amor","25/9/19"
"Betty en NY: Temporada 1: La caja de Pandora","24/9/19"
"Betty en NY: Temporada 1: En la cuerda floja","24/9/19"
"Betty en NY: Temporada 1: Un error irremediable","24/9/19"
"Betty en NY: Temporada 1: Armando pierde la compostura","24/9/19"
"Betty en NY: Temporada 1: Olfato de madre","24/9/19"
"Betty en NY: Temporada 1: Prueba de amor","24/9/19"
"Betty en NY: Temporada 1: Al mal tiempo, buena cara","24/9/19"
"Betty en NY: Temporada 1: Jugada sucia","24/9/19"
"Betty en NY: Temporada 1: Basta de mentiras","23/9/19"
"Betty en NY: Temporada 1: Una noche impredecible","23/9/19"
"Betty en NY: Temporada 1: Condena de amor","23/9/19"
"Betty en NY: Temporada 1: La revancha","23/9/19"
"Betty en NY: Temporada 1: Derrumbe emocional ","23/9/19"
"Betty en NY: Temporada 1: Distanciados","23/9/19"
"Betty en NY: Temporada 1: Armando no la tiene fácil","23/9/19"
"Betty en NY: Temporada 1: Juego sexual","23/9/19"
"Betty en NY: Temporada 1: Impotencia sexual","23/9/19"
"Betty en NY: Temporada 1: Atrapados por el deseo","23/9/19"
"Glitch: Temporada 1: Los resucitados","23/9/19"
"Betty en NY: Temporada 1: Frustración","23/9/19"
"Betty en NY: Temporada 1: En apuros","23/9/19"
"Betty en NY: Temporada 1: Una nube negra","23/9/19"
"Betty en NY: Temporada 1: La intriga","22/9/19"
"Betty en NY: Temporada 1: El ultimátum","22/9/19"
"Betty en NY: Temporada 1: La puñalada por la espalda","22/9/19"
"Betty en NY: Temporada 1: Mujer herida","22/9/19"
"Betty en NY: Temporada 1: El ataque","22/9/19"
"Betty en NY: Temporada 1: Intuición de madre","22/9/19"
"Betty en NY: Temporada 1: La negación","22/9/19"
"Betty en NY: Temporada 1: La llama del amor ","22/9/19"
"Betty en NY: Temporada 1: Bajo la tormenta","22/9/19"
"Betty en NY: Temporada 1: El osito de cristal","22/9/19"
"Betty en NY: Temporada 1: Una noche íntima ","22/9/19"
"Betty en NY: Temporada 1: Noche de locura","21/9/19"
"Betty en NY: Temporada 1: El espionaje","21/9/19"
"Betty en NY: Temporada 1: Un poema de amor","21/9/19"
"Betty en NY: Temporada 1: Imaginación desatada","21/9/19"
"Betty en NY: Temporada 1: Noche de serenata","21/9/19"
"Betty en NY: Temporada 1: Malditos celos","21/9/19"
"Betty en NY: Temporada 1: El héroe","21/9/19"
"Betty en NY: Temporada 1: Un cambio de look","21/9/19"
"Betty en NY: Temporada 1: In fraganti","21/9/19"
"Betty en NY: Temporada 1: Secuestro por amor","21/9/19"
"Betty en NY: Temporada 1: El despecho","21/9/19"
"Betty en NY: Temporada 1: Un amor fugaz","21/9/19"
"Betty en NY: Temporada 1: Grito a los cuatro vientos","21/9/19"
"Betty en NY: Temporada 1: La primera cita","21/9/19"
"Betty en NY: Temporada 1: Enamorar a las más fea","20/9/19"
"Betty en NY: Temporada 1: Develan el misterio","20/9/19"
"Betty en NY: Temporada 1: La incertidumbre","20/9/19"
"Betty en NY: Temporada 1: Los chismes vuelan","20/9/19"
"Betty en NY: Temporada 1: En evidencia","20/9/19"
"Betty en NY: Temporada 1: Una mala racha","20/9/19"
"Betty en NY: Temporada 1: El descubrimiento","20/9/19"
"Betty en NY: Temporada 1: La nueva dueña","19/9/19"
"Betty en NY: Temporada 1: El interrogatorio","19/9/19"
"Betty en NY: Temporada 1: Un sueño erótico","19/9/19"
"Betty en NY: Temporada 1: Jugar con fuego","19/9/19"
"Betty en NY: Temporada 1: El beso seductor","19/9/19"
"Betty en NY: Temporada 1: La rival","19/9/19"
"Betty en NY: Temporada 1: Embarazada","19/9/19"
"Betty en NY: Temporada 1: La noticia bomba","19/9/19"
"Betty en NY: Temporada 1: Armando se derrumba","19/9/19"
"Betty en NY: Temporada 1: Betty se desilusiona","19/9/19"
"Betty en NY: Temporada 1: Armando mete la pata","19/9/19"
"Betty en NY: Temporada 1: Un mal día","19/9/19"
"Betty en NY: Temporada 1: Buscado por la policía","19/9/19"
"Betty en NY: Temporada 1: Hugo saborea su venganza","19/9/19"
"Betty en NY: Temporada 1: La promesa","19/9/19"
"Betty en NY: Temporada 1: Sufrimiento silencioso","19/9/19"
"Betty en NY: Temporada 1: Apuesta riesgosa","19/9/19"
"Betty en NY: Temporada 1: Hugo estalla de furia","18/9/19"
"Betty en NY: Temporada 1: Bajo presión","18/9/19"
"Betty en NY: Temporada 1: La advertencia","18/9/19"
"Betty en NY: Temporada 1: La farsa de Armando","18/9/19"
"Betty en NY: Temporada 1: El gran reto","18/9/19"
"Betty en NY: Temporada 1: Betty está bajo la lupa","17/9/19"
"Betty en NY: Temporada 1: El soborno","17/9/19"
"Betty en NY: Temporada 1: El sabotaje","17/9/19"
"Betty en NY: Temporada 1: Una propuesta indecente","17/9/19"
"Betty en NY: Temporada 1: El gran regalo","17/9/19"
"Betty en NY: Temporada 1: Un corazón partido","17/9/19"
"Betty en NY: Temporada 1: Una jugosa propuesta","17/9/19"
"Betty en NY: Temporada 1: Betty contraataca","17/9/19"
"Bleach","16/9/19"
"Betty en NY: Temporada 1: La maldad de Patricia","16/9/19"
"Betty en NY: Temporada 1: El trago amargo","16/9/19"
"Betty en NY: Temporada 1: Beatriz Rincón irrumpe en V&M","16/9/19"
"Escalofríos","15/9/19"
"La Doña: Temporada 1: Felipe contraataca","15/9/19"
"La Doña: Temporada 1: La carta de Braulio","15/9/19"
"La Doña: Temporada 1: Monkey arrepentido","15/9/19"
"La Doña: Temporada 1: Oasis de felicidad","15/9/19"
"La Doña: Temporada 1: La obsesión de Rafael","15/9/19"
"A mi altura","15/9/19"
"Otra vida: Temporada 1: Crisis nerviosa","14/9/19"
"The I-Land: Miniserie: El abismo oscuro del pasado","14/9/19"
"The I-Land: Miniserie: El mismísimo globo","14/9/19"
"The I-Land: Miniserie: Torres orladas de nubes","14/9/19"
"The I-Land: Miniserie: Cuántas criaturas hermosas","13/9/19"
"The I-Land: Miniserie: Tramoya insustancial","13/9/19"
"The I-Land: Miniserie: Espléndidos palacios","12/9/19"
"The I-Land: Miniserie: Magnífico mundo nuevo","12/9/19"
"La Doña: Temporada 1: Temerosa de la ley","11/9/19"
"La Doña: Temporada 1: Anhelo de padre","11/9/19"
"La Doña: Temporada 1: Braulio se desquicia","11/9/19"
"La Doña: Temporada 1: Dilema de Daniel","11/9/19"
"La Doña: Temporada 1: Mentira piadosa","10/9/19"
"La Doña: Temporada 1: Hija vengada","10/9/19"
"La Doña: Temporada 1: Altagracia rescata a Mónica","10/9/19"
"La Doña: Temporada 1: Madre invocada","10/9/19"
"La Doña: Temporada 1: Mónica no se detiene","10/9/19"
"La Doña: Temporada 1: Malos padres","10/9/19"
"La Doña: Temporada 1: La mujer de su vida","10/9/19"
"La Doña: Temporada 1: Paternidad arrebatada","9/9/19"
"La Doña: Temporada 1: Muerte inconsolable","9/9/19"
"La Doña: Temporada 1: A la deriva","9/9/19"
"La Doña: Temporada 1: Misión cumplida","8/9/19"
"La Doña: Temporada 1: Divididos","8/9/19"
"La Doña: Temporada 1: Desengaño insoportable","8/9/19"
"La Doña: Temporada 1: Inquebrantable","8/9/19"
"La Doña: Temporada 1: Rafael es el anzuelo","8/9/19"
"La Doña: Temporada 1: En manos del violador","8/9/19"
"La Doña: Temporada 1: Remanso o torbellino","8/9/19"
"La Doña: Temporada 1: Deseo irreprimible","8/9/19"
"La Doña: Temporada 1: Alarde de amor","7/9/19"
"La Doña: Temporada 1: Pavor a la verdad","7/9/19"
"La Doña: Temporada 1: Leona en celo","7/9/19"
"La Doña: Temporada 1: Corazón de piedra","7/9/19"
"La Doña: Temporada 1: Mónica es tu hija","7/9/19"
"La Doña: Temporada 1: Ximena paga su traición","6/9/19"
"La Doña: Temporada 1: El soborno de Saúl","6/9/19"
"La Doña: Temporada 1: Mal por mal","6/9/19"
"La Doña: Temporada 1: Prueba insuficiente","5/9/19"
"La Doña: Temporada 1: Seducción por confesión","5/9/19"
"La Doña: Temporada 1: Atrapada en su red","5/9/19"
"La Doña: Temporada 1: Castigo al valor","4/9/19"
"La Doña: Temporada 1: Defensa contra reloj","3/9/19"
"La Doña: Temporada 1: Verdugos humillados","3/9/19"
"La Doña: Temporada 1: Hija vapuleada","3/9/19"
"La Doña: Temporada 1: Beso protector","3/9/19"
"La Doña: Temporada 1: A mano","2/9/19"
"La Doña: Temporada 1: Yesenia se redime","2/9/19"
"La Doña: Temporada 1: Demasiados secretos","2/9/19"
"La Doña: Temporada 1: Dispuesto a todo","2/9/19"
"La Doña: Temporada 1: Endurecida","2/9/19"
"El cristal encantado: La era de la resistencia: Temporada 1: Fin, comienzo: es lo mismo","2/9/19"
"La Doña: Temporada 1: Hermana traidora","2/9/19"
"La Doña: Temporada 1: Vengada y vacía","1/9/19"
"La Doña: Temporada 1: Peligro inminente","1/9/19"
"La Doña: Temporada 1: Nueva enemiga","1/9/19"
"La Doña: Temporada 1: Enmascarada","1/9/19"
"La Doña: Temporada 1: Unidos tras una pista","1/9/19"
"La Doña: Temporada 1: Entregado al odio","1/9/19"
"La Doña: Temporada 1: Dudas dolorosas","1/9/19"
"La Doña: Temporada 1: Súplica de inocencia","1/9/19"
"La Doña: Temporada 1: Engaño funesto","31/8/19"
"La Doña: Temporada 1: En el infierno","31/8/19"
"La Doña: Temporada 1: Odiada y amada","30/8/19"
"La Doña: Temporada 1: Juicio comprado","30/8/19"
"La Doña: Temporada 1: Rival delatada","30/8/19"
"La Doña: Temporada 1: Celos enfermos","30/8/19"
"La Doña: Temporada 1: Enfrentadas por amor","30/8/19"
"La Doña: Temporada 1: Vínculos revelados","30/8/19"
"La Doña: Temporada 1: Ciego de amor","30/8/19"
"La Doña: Temporada 1: Golpe por Golpe","29/8/19"
"La Doña: Temporada 1: Bandos opuestos","29/8/19"
"La Doña: Temporada 1: Policía encubridor","29/8/19"
"La Doña: Temporada 1: Justicia popular","29/8/19"
"La Doña: Temporada 1: Rechazo trae cola","28/8/19"
"La Doña: Temporada 1: Coronel en la mira","28/8/19"
"La Doña: Temporada 1: Desconfianzas","28/8/19"
"La Doña: Temporada 1: Hija al rescate","28/8/19"
"La Doña: Temporada 1: Las dos Altagracias","28/8/19"
"La Doña: Temporada 1: El dedo en la llaga","28/8/19"
"La Doña: Temporada 1: Madre insensible","28/8/19"
"La Doña: Temporada 1: Pistas del crimen","28/8/19"
"La Doña: Temporada 1: Acorralado","28/8/19"
"Otra vida: Temporada 1: Por valles tenebrosos","28/8/19"
"Love Alarm: Temporada 1: El uno es el número más grande del mundo","28/8/19"
"Love Alarm: Temporada 1: Quiero contarte un secreto","28/8/19"
"Love Alarm: Temporada 1: Tu corazón está a salvo","27/8/19"
"Love Alarm: Temporada 1: La gravedad de que te guste alguien","27/8/19"
"Love Alarm: Temporada 1: Me encanta saber que alguien está de mi lado","27/8/19"
"Love Alarm: Temporada 1: El milagro de dos personas que se gustan","27/8/19"
"Love Alarm: Temporada 1: Nadie puede hacer nada si te gusta alguien","27/8/19"
"Love Alarm: Temporada 1: El relámpago antes del trueno","27/8/19"
"Otra vida: Temporada 1: Por todo el universo","26/8/19"
"La pequeña Suiza","26/8/19"
"La Doña: Temporada 1: Sospechoso","26/8/19"
"La Doña: Temporada 1: Anuncio oficial","26/8/19"
"La Doña: Temporada 1: Guerra de divorciados","26/8/19"
"La Doña: Temporada 1: Entregados a la pasión","25/8/19"
"La Doña: Temporada 1: Desilusión","25/8/19"
"La Doña: Temporada 1: Venganza denegada","23/8/19"
"La Doña: Temporada 1: In fraganti","23/8/19"
"Wu Assassins: Temporada 1: Asesinos del Gu","23/8/19"
"Wu Assassins: Temporada 1: Codladh Sámh","22/8/19"
"La Doña: Temporada 1: Hombría herida","22/8/19"
"La Doña: Temporada 1: Tortura al violador","21/8/19"
"La Doña: Temporada 1: Fiera indomable","21/8/19"
"La Doña: Temporada 1: Chantaje a la rival","21/8/19"
"La Doña: Temporada 1: Sello de amor","20/8/19"
"La Doña: Temporada 1: Confirmado","19/8/19"
"La Doña: Temporada 1: Asesino en la mira","18/8/19"
"La Doña: Temporada 1: Tatuaje: ¿La pista?","18/8/19"
"La Doña: Temporada 1: Deseo disfrazado","18/8/19"
"La Doña: Temporada 1: Cuerpo como arma","18/8/19"
"Wu Assassins: Temporada 1: Víbora serpenteante","18/8/19"
"Wu Assassins: Temporada 1: Pollo flameado","18/8/19"
"Wu Assassins: Temporada 1: Juventud desperdiciada","18/8/19"
"Wu Assassins: Temporada 1: Sandía borracha","18/8/19"
"La Doña: Temporada 1: Sacrificio humano","18/8/19"
"La Doña: Temporada 1: Desalojo brutal","18/8/19"
"La Doña: Temporada 1: Dos voluntades","18/8/19"
"Orange Is the New Black: Temporada 7: Último acto","16/8/19"
"Orange Is the New Black: Temporada 7: Casa grande","16/8/19"
"Orange Is the New Black: Temporada 7: Dios bendiga a Estados Unidos","16/8/19"
"Orange Is the New Black: Temporada 7: XIII","16/8/19"
"Orange Is the New Black: Temporada 7: El palacio oculto","16/8/19"
"Orange Is the New Black: Temporada 7: Doce más una","15/8/19"
"Orange Is the New Black: Temporada 7: Yo también","14/8/19"
"Velvet: Temporada 4: Welcome to the '60s","19/7/19"
"Velvet: Temporada 3: Here's to the Bride and Groom?","18/7/19"
"Velvet: Temporada 3: Winds of Change","18/7/19"
"Velvet: Temporada 3: And Life Goes On ...","18/7/19"
"Velvet: Temporada 3: In Suspence","18/7/19"
"Velvet: Temporada 3: An Ocean Away","18/7/19"
"Velvet: Temporada 3: Don't Say Goodbye","18/7/19"
"Velvet: Temporada 3: Coup de Theatre","17/7/19"
"Velvet: Temporada 3: Day and Night","17/7/19"
"Velvet: Temporada 3: The Wait","17/7/19"
"Los últimos zares: Temporada 1: El elegido","17/7/19"
"Velvet: Temporada 3: Comebacks","17/7/19"
"Velvet: Temporada 3: Place Your Bets","17/7/19"
"Velvet: Temporada 3: Two Men and a Pacifier","16/7/19"
"Velvet: Temporada 3: And Many Happy Returns","16/7/19"
"Velvet: Temporada 3: To Be or Not to Be","16/7/19"
"Velvet: Temporada 3: Man of the Year","16/7/19"
"Velvet: Temporada 2: Una boda y un funeral","16/7/19"
"Velvet: Temporada 2: Despedidas","16/7/19"
"Velvet: Temporada 2: Hoy es el día de los enamorados","16/7/19"
"Velvet: Temporada 2: La hora de la verdad","16/7/19"
"Velvet: Temporada 2: Noche de reyes","16/7/19"
"Velvet: Temporada 2: Navidades blancas","15/7/19"
"Velvet: Temporada 2: Por los aires","15/7/19"
"Velvet: Temporada 2: New York, New York","15/7/19"
"Velvet: Temporada 2: Quién da más","15/7/19"
"Velvet: Temporada 2: Coser y cantar","15/7/19"
"Velvet: Temporada 2: Días de Gloria","15/7/19"
"Velvet: Temporada 2: Remontando el vuelo","14/7/19"
"Velvet: Temporada 2: La noche de los alfileres","14/7/19"
"Velvet: Temporada 1: Cuenta atrás","14/7/19"
"Velvet: Temporada 1: La noche de la reina","14/7/19"
"Velvet: Temporada 1: Mentiras piadosas","13/7/19"
"Velvet: Temporada 1: Terciopelo azul","13/7/19"
"Velvet: Temporada 1: La visita","13/7/19"
"Velvet: Temporada 1: Los restos del naufragio","12/7/19"
"Velvet: Temporada 1: El gran día","12/7/19"
"Velvet: Temporada 1: La decisión de Alberto","12/7/19"
"Velvet: Temporada 1: El día después","12/7/19"
"Velvet: Temporada 1: París","11/7/19"
"Velvet: Temporada 1: Entre dos mujeres","11/7/19"
"Velvet: Temporada 1: El diseñador","11/7/19"
"Velvet: Temporada 1: Nada es tan sencillo","11/7/19"
"Velvet: Temporada 1: Aléjate de mí","10/7/19"
"Velvet: Temporada 1: La costurera","9/7/19"
"El Internado: Temporada 1: Los monstruos no hacen cosquillas","9/7/19"
"Las chicas del cable: Temporada 3: Capítulo 24: El destino","9/7/19"
"Las chicas del cable: Temporada 3: Capítulo 23: La esperanza","8/7/19"
"Las chicas del cable: Temporada 3: Capítulo 22: La lucha","7/7/19"
"Las chicas del cable: Temporada 3: Capítulo 21: El pecado","7/7/19"
"Las chicas del cable: Temporada 3: Capítulo 20: La venganza","4/7/19"
"Las chicas del cable: Temporada 3: Capítulo 19: La verdad","4/7/19"
"Las chicas del cable: Temporada 3: Capítulo 18: La muerte","3/7/19"
"Las chicas del cable: Temporada 3: Capítulo 17: El tiempo","3/7/19"
"Las chicas del cable: Temporada 2: Capítulo 16: La inocencia","3/7/19"
"Las chicas del cable: Temporada 2: Capítulo 15: Las oportunidades","2/7/19"
"Las chicas del cable: Temporada 2: Capítulo 14: La soledad","2/7/19"
"Las chicas del cable: Temporada 2: Capítulo 13: Los secretos","2/7/19"
"Las chicas del cable: Temporada 2: Capítulo 12: La culpa","2/7/19"
"Las chicas del cable: Temporada 2: Capítulo 11: Los celos","1/7/19"
"Las chicas del cable: Temporada 2: Capítulo 10: El pacto","1/7/19"
"Las chicas del cable: Temporada 2: Capítulo 9: La elección","1/7/19"
"Las chicas del cable: Temporada 1: Capítulo 8: El amor","1/7/19"
"Las chicas del cable: Temporada 1: Capítulo 7: La pérdida","1/7/19"
"Las chicas del cable: Temporada 1: Capítulo 6: La familia","30/6/19"
"Las chicas del cable: Temporada 1: Capítulo 5: El pasado","30/6/19"
"Las chicas del cable: Temporada 1: Capítulo 4: Los sentimientos","30/6/19"
"Las chicas del cable: Temporada 1: Capítulo 3: Las mentiras","30/6/19"
"Las chicas del cable: Temporada 1: Capítulo 2: Los recuerdos","30/6/19"
"Las chicas del cable: Temporada 1: Capítulo 1: Los sueños","29/6/19"
